{
    "loss": 1.20420503616333,
    "accuracy": 0.843137264251709
}